LifeLock;;Tempe;01.May.07;6850000;b
LifeLock;;Tempe;01.Oct.06;6000000;a
LifeLock;;Tempe;01.Jan.08;25000000;c
MyCityFaces;7;Scottsdale;01.Jan.08;50000;seed
Flypaper;;Phoenix;01.Feb.08;3000000;a
Infusionsoft;105;Gilbert;01.Oct.07;9000000;a
gAuto;4;Scottsdale;01.Jan.08;250000;seed
ChosenList.com;5;Scottsdale;01.Oct.06;140000;seed
ChosenList.com;5;Scottsdale;25.Jan.08;233750;angel
Digg;60;San Francisco;01.Dec.06;8500000;b
Digg;60;San Francisco;01.Oct.05;2800000;a
Facebook;450;Palo Alto;01.Sep.04;500000;angel
Facebook;450;Palo Alto;01.May.05;12700000;a
Facebook;450;Palo Alto;01.Apr.06;27500000;b
Facebook;450;Palo Alto;01.Oct.07;300000000;c
Facebook;450;Palo Alto;01.Mar.08;40000000;c
Facebook;450;Palo Alto;15.Jan.08;15000000;c
Facebook;450;Palo Alto;01.May.08;100000000;debt_round
Photobucket;60;Palo Alto;01.May.06;10500000;b
Photobucket;60;Palo Alto;01.Mar.05;3000000;a
Omnidrive;;Palo Alto;01.Dec.06;800000;angel
Geni;18;West Hollywood;01.Jan.07;1500000;a
Geni;18;West Hollywood;01.Mar.07;10000000;b
Twitter;17;San Francisco;01.Jul.07;5400000;b
Twitter;17;San Francisco;01.May.08;15000000;c
StumbleUpon;;San Francisco;01.Dec.05;1500000;seed
Gizmoz;;Menlo Park;01.May.07;6300000;a
Gizmoz;;Menlo Park;16.Mar.08;6500000;b
Scribd;14;San Francisco;01.Jun.06;12000;seed
Scribd;14;San Francisco;01.Jan.07;40000;angel
Scribd;14;San Francisco;01.Jun.07;3710000;a
Slacker;;San Diego;01.Jun.07;40000000;b
Slacker;;San Diego;01.Jun.07;13500000;a
Lala;;Palo Alto;01.May.07;9000000;a
Plaxo;50;Mountain View;01.Nov.02;3800000;a
Plaxo;50;Mountain View;01.Jul.03;8500000;b
Plaxo;50;Mountain View;01.Apr.04;7000000;c
Plaxo;50;Mountain View;01.Feb.07;9000000;d
Powerset;60;San Francisco;01.Jun.07;12500000;a
Technorati;25;San Francisco;01.Jun.06;10520000;c
Technorati;25;San Francisco;01.Sep.04;6500000;b
Technorati;25;San Francisco;13.Jun.08;7500000;d
Technorati;25;San Francisco;10.May.07;1000000;c
Mahalo;40;Santa Monica;01.Jan.06;5000000;a
Mahalo;40;Santa Monica;01.Jan.07;16000000;b
Kyte;40;San Francisco;01.Jul.07;2250000;a
Kyte;40;San Francisco;01.Dec.07;15000000;b
Kyte;40;San Francisco;10.Mar.08;6100000;b
Veoh;;San Diego;01.Apr.06;12500000;b
Veoh;;San Diego;01.Aug.07;25000000;c
Veoh;;San Diego;01.Jul.05;2250000;a
Veoh;;San Diego;03.Jun.08;30000000;d
Jingle Networks;;Menlo Park;01.Oct.06;30000000;c
Jingle Networks;;Menlo Park;01.Dec.05;5000000;a
Jingle Networks;;Menlo Park;01.Apr.06;26000000;b
Jingle Networks;;Menlo Park;01.Oct.05;400000;angel
Jingle Networks;;Menlo Park;01.Jan.08;13000000;c
Ning;41;Palo Alto;01.Jul.07;44000000;c
Ning;41;Palo Alto;01.Apr.08;60000000;d
JotSpot;;Palo Alto;01.Aug.04;5200000;a
Mercora;;Sunnyvale;01.Jan.05;5000000;a
Wesabe;;San Francisco;01.Feb.07;700000;seed
Wesabe;;San Francisco;01.Jun.07;4000000;a
Jangl;22;Pleasanton;01.Jul.06;7000000;b
Hyphen 8;4;San Francisco;01.Oct.07;100000;angel
Prosper;;San Francisco;01.Jun.07;20000000;c
Prosper;;San Francisco;01.Apr.05;7500000;a
Prosper;;San Francisco;01.Feb.06;12500000;b
Google;20000;Mountain View;01.Jun.99;25000000;a
Jajah;80;Mountain View;01.May.07;20000000;c
Jajah;80;Mountain View;01.Mar.06;3000000;a
Jajah;80;Mountain View;01.Apr.06;5000000;b
YouTube;;San Bruno;01.Nov.05;3500000;a
YouTube;;San Bruno;01.Apr.06;8000000;b
Ustream;;Mountain View;01.Dec.07;2000000;angel
Ustream;;Mountain View;10.Apr.08;11100000;a
GizmoProject;;San Diego;01.Feb.06;6000000;a
Adap.tv;15;San Mateo;01.Jul.07;10000000;a
Topix;;Palo Alto;01.Nov.06;15000000;b
Revision3;;San Francisco;01.Sep.06;1000000;a
Revision3;;San Francisco;01.Jun.07;8000000;b
Aggregate Knowledge;;San Mateo;01.Jun.06;5000000;a
Aggregate Knowledge;;San Mateo;01.Apr.07;20000000;b
Sugar Inc;;San Francisco;01.Oct.06;5000000;a
Sugar Inc;;San Francisco;01.Jun.07;10000000;b
Zing;;Mountain View;01.Jan.07;13000000;a
CriticalMetrics;4;;01.Jan.07;100000;angel
Spock;30;Redwood City;01.Dec.06;7000000;a
Wize;;;01.Jan.07;4000000;a
SodaHead;;;01.Jan.07;4250000;a
SodaHead;;;25.Jun.08;8400000;b
CastTV;0;San Francisco;01.Apr.07;3100000;a
BuzzNet;;Hollywood;01.May.07;6000000;a
BuzzNet;;Hollywood;07.Apr.08;25000000;b
Funny Or Die;;Palo Alto;01.Dec.07;15000000;b
Sphere;11;San Francisco;01.May.06;3000000;b
Sphere;11;San Francisco;01.Apr.05;500000;a
MeeVee;;Burlingame;01.Feb.06;6500000;b
MeeVee;;Burlingame;01.Aug.06;8000000;c
MeeVee;;Burlingame;01.Feb.05;7000000;a
MeeVee;;Burlingame;01.Sep.07;3500000;d
Mashery;0;San Francisco;26.Jun.08;2000000;c
Yelp;;San Francisco;01.Oct.06;10000000;c
Yelp;;San Francisco;01.Oct.05;5000000;b
Yelp;;San Francisco;01.Jul.04;1000000;a
Yelp;;San Francisco;26.Feb.08;15000000;d
Spotplex;3;Santa Clara;01.Jan.07;450000;angel
Coghead;21;Redwood City;01.Mar.06;3200000;a
Coghead;21;Redwood City;01.Mar.07;8000000;b
Zooomr;;San Francisco;01.Feb.06;50000;angel
SideStep;75;Santa Clara;01.Feb.07;15000000;c
SideStep;75;Santa Clara;01.Jan.04;8000000;b
SideStep;75;Santa Clara;01.Dec.99;2200000;a
SideStep;75;Santa Clara;01.Oct.00;6800000;a
RockYou;;San Mateo;01.Jan.07;1500000;a
RockYou;;San Mateo;01.Mar.07;15000000;b
RockYou;;San Mateo;09.Jun.08;35000000;c
RockYou;;San Mateo;27.May.08;1000000;unattributed
Pageflakes;20;San Francisco;01.May.06;1300000;a
Swivel;;San Francisco;01.Sep.06;1000000;a
Swivel;;San Francisco;01.Apr.07;1000000;a
Slide;64;San Francisco;01.Jul.05;8000000;b
Slide;64;San Francisco;01.Jan.08;50000000;d
Bebo;;San Francisco;01.May.06;15000000;a
freebase;;San Francisco;01.Mar.06;15000000;a
freebase;;San Francisco;01.Jan.08;42500000;b
Metaweb Technologies;;San Francisco;15.Jan.08;42000000;b
Glam Media;;Brisbane;01.Jul.04;1100000;a
Glam Media;;Brisbane;01.Jul.05;10000000;b
Glam Media;;Brisbane;01.Dec.06;18500000;c
Glam Media;;Brisbane;01.Feb.08;65000000;d
Glam Media;;Brisbane;01.Feb.08;20000000;d
TheFind;;Mountain View;01.Feb.05;7000000;a
TheFind;;Mountain View;01.Oct.06;4000000;b
TheFind;;Mountain View;01.Jul.07;15000000;c
Zazzle;;Redwood City;01.Jul.05;16000000;a
Zazzle;;Redwood City;01.Oct.07;30000000;b
Dogster;;San Francisco;01.Sep.06;1000000;angel
Pandora;80;Oakland;01.Jan.04;7800000;b
Pandora;80;Oakland;01.Oct.05;12000000;c
Pandora;80;Oakland;02.Mar.00;1500000;a
Cafepress;300;Foster City;01.Mar.00;1200000;a
Cafepress;300;Foster City;01.May.01;300000;a
Cafepress;300;Foster City;01.Feb.05;14000000;b
pbwiki;15;;11.Sep.06;350000;a
pbwiki;15;;01.Feb.07;2100000;b
AdBrite;;San Francisco;01.Sep.04;4000000;a
AdBrite;;San Francisco;01.Feb.06;8000000;b
AdBrite;;San Francisco;01.Nov.07;23000000;c
Loomia;;San Francisco;01.Jun.05;1000000;seed
Loomia;;San Francisco;01.Apr.08;5000000;a
Meebo;40;Mountain View;01.Dec.05;3500000;a
Meebo;40;Mountain View;01.Jan.07;9000000;b
Meebo;40;Mountain View;30.Apr.08;25000000;c
Eventbrite;13;San Francisco;01.Nov.06;100000;angel
LinkedIn;;Mountain View;01.Nov.03;4700000;a
LinkedIn;;Mountain View;01.Oct.04;10000000;b
LinkedIn;;Mountain View;01.Jan.07;12800000;c
LinkedIn;;Mountain View;17.Jun.08;53000000;d
FlickIM;;Berkeley;01.Mar.07;1600000;a
Terabitz;12;Palo Alto;01.Feb.07;10000000;a
Healthline;;San Francisco;01.Jan.06;14000000;a
Healthline;;San Francisco;01.Jul.07;21000000;b
Box.net;19;Palo Alto;01.Oct.06;1500000;a
Box.net;19;Palo Alto;23.Jan.08;6000000;b
Conduit;;Redwood Shores;01.Jul.06;1800000;a
Conduit;;Redwood Shores;01.Jan.08;8000000;b
Edgeio;;Palo Alto;01.Jul.07;5000000;a
Spot Runner;;Los Angeles;01.Jan.06;10000000;a
Spot Runner;;Los Angeles;01.Oct.06;40000000;b
Spot Runner;;Los Angeles;07.May.08;51000000;c
Kaboodle;;Santa Clara;01.Mar.05;1500000;a
Kaboodle;;Santa Clara;01.Mar.06;2000000;b
Kaboodle;;Santa Clara;01.Mar.07;1500000;c
Giga Omni Media;18;San Francisco;01.Jun.06;325000;a
Visible Path;;Foster City;01.Mar.06;17000000;b
Visible Path;;Foster City;01.Mar.06;7700000;a
Wink;;Mountain View;01.Jan.05;6200000;a
seesmic;;San Francisco;01.Nov.07;6000000;a
seesmic;;San Francisco;20.Jun.08;6000000;b
Zvents;;San Mateo;07.Nov.06;7000000;a
Zvents;;San Mateo;05.Oct.05;200000;seed
Eventful;35;San Diego;01.Sep.06;7500000;b
Eventful;35;San Diego;01.Mar.05;2100000;a
Oodle;;San Mateo;01.May.06;5000000;a
Oodle;;San Mateo;01.Jul.07;11000000;b
oDesk;;Menlo Park;01.Apr.06;6000000;a
oDesk;;Menlo Park;01.Sep.06;8000000;b
oDesk;;Menlo Park;01.Jun.08;15000000;c
SimplyHired;;Mountain View;01.Mar.06;13500000;b
SimplyHired;;Mountain View;05.Aug.05;3000000;a
ooma;47;Palo Alto;01.Jan.05;8000000;a
ooma;47;Palo Alto;01.Dec.06;18000000;b
GoingOn;3;Woodside;01.Aug.05;1000000;seed
Flixster;17;San Francisco;01.Feb.07;2000000;a
Flixster;17;San Francisco;04.Apr.08;5000000;b
Piczo;;San Francisco;01.Jan.07;11000000;c
Socialtext;;Palo Alto;01.Jun.04;300000;angel
Socialtext;;Palo Alto;01.Jun.05;3100000;b
Socialtext;;Palo Alto;01.Nov.07;9500000;c
PowerReview;;Millbrae;01.Dec.05;6250000;a
PowerReview;;Millbrae;01.Sep.07;15000000;b
hi5;100;San Francisco;01.Jul.07;20000000;a
hi5;100;San Francisco;01.Dec.07;15000000;debt_round
Tagged;;San Francisco;01.Sep.05;1500000;angel
Tagged;;San Francisco;01.Dec.05;7000000;a
Tagged;;San Francisco;01.Jul.07;15000000;b
Jaxtr;;Menlo Park;01.Jul.07;1500000;angel
Jaxtr;;Menlo Park;01.Aug.07;10000000;a
Jaxtr;;Menlo Park;23.Jun.08;10000000;b
Me;;San Jose;01.May.07;1500000;seed
introNetworks;9;Santa Barbara;01.May.07;2700000;a
Leverage Software;21;San Francisco;14.May.05;6000000;a
Lithium Technologies;42;Emeryville;17.Apr.07;9000000;a
Lithium Technologies;42;Emeryville;01.Jun.08;12000000;b
Genius;;San Mateo;01.Mar.06;5100000;a
Genius;;San Mateo;01.Jan.07;10000000;b
Genius;;San Mateo;05.Feb.08;19000000;c
Respectance;;San Francisco;01.Jun.07;250000;seed
Respectance;;San Francisco;01.Jul.07;1500000;a
Curse;;San Francisco;01.Jul.07;5000000;a
LicketyShip;;San Francisco;01.Dec.07;1500000;angel
Grockit;8;San Francisco;01.Jun.07;2300000;a
Grockit;8;San Francisco;30.May.08;8000000;b
PeerMe;;Mountain View;01.Jan.05;5000000;a
Kiptronic;20;San Francisco;01.Dec.06;4000000;a
Kiptronic;20;San Francisco;01.Nov.05;300000;angel
Kiptronic;20;San Francisco;05.Jun.08;3000000;b
Vuze;;Palo Alto;01.Dec.06;12000000;b
Vuze;;Palo Alto;01.Dec.07;20000000;c
Phonezoo;;Sunnyvale;01.Jun.06;560000;a
Phonezoo;;Sunnyvale;01.Feb.07;1500000;a
Droplet Technology;;Menlo Park;01.Oct.06;3500000;a
PodTech;;Palo Alto;01.Mar.06;5500000;a
PodTech;;Palo Alto;01.Jun.07;2000000;a
Crackle;;Mill Valley;01.Dec.05;1750000;a
Reddit;;San Francisco;01.Jun.05;100000;seed
Wikia;;San Mateo;01.Mar.06;4000000;a
Wikia;;San Mateo;01.Dec.06;10000000;b
Retrevo;;Sunnyvale;01.Dec.06;3200000;a
Retrevo;;Sunnyvale;01.Feb.06;700000;seed
Retrevo;;Sunnyvale;20.Mar.08;8000000;b
Buxfer;2;Mountain View;01.Jan.07;15000;seed
Buxfer;2;Mountain View;01.Apr.07;300000;angel
YouSendIt;0;Campbell;24.Apr.07;10000000;b
YouSendIt;0;Campbell;01.Aug.05;10000000;a
YouSendIt;0;Campbell;15.Jul.08;14000000;c
Tangler;;Mountain View;01.Jul.06;1500000;angel
obopay;;Redwood City;01.Feb.06;10000000;a
obopay;;Redwood City;01.Sep.06;7000000;b
obopay;;Redwood City;01.Jul.07;29000000;c
obopay;;Redwood City;21.Apr.08;20000000;d
PayPal;;San Jose;01.Apr.00;100000000;c
PayPal;;San Jose;01.Feb.01;90000000;d
PayPal;;San Jose;01.Jul.99;4000000;b
TalkPlus;;San Mateo;01.Oct.06;5500000;a
Vudu;50;Santa Clara;01.Jun.05;21000000;a
Insider Pages;;Redwood City;01.Mar.06;8500000;a
Snapfish;;San Francisco;01.Nov.99;7500000;a
Snapfish;;San Francisco;01.May.00;36000000;b
Affinity Circles;22;Mountain View;01.May.06;4100000;c
Affinity Circles;22;Mountain View;01.Jun.05;1000000;b
Affinity Circles;22;Mountain View;01.Dec.04;440000;a
IMVU;;Palo Alto;01.Feb.06;1000000;angel
Nirvanix;;San Diego;19.Dec.07;18000000;a
Habit Industries;4;Palo Alto;01.Jun.07;15000;seed
Gaia;;San Jose;01.Jun.06;8930000;a
Gaia;;San Jose;01.Mar.07;12000000;b
Gaia;;San Jose;14.Jul.08;11000000;c
GreatCall;;Del Mar;01.Aug.07;36600000;a
Revver;;Los Angeles;01.Nov.05;4000000;a
Revver;;Los Angeles;01.Apr.06;8700000;b
Metacafe;;Palo Alto;01.Jul.06;15000000;b
Metacafe;;Palo Alto;01.Aug.07;30000000;c
Flock;40;Redwood City;01.Nov.05;3300000;b
Flock;40;Redwood City;01.Jun.06;10000000;c
Flock;40;Redwood City;21.May.08;15000000;d
VMIX Media;42;San Diego;01.Mar.06;5000000;a
VMIX Media;42;San Diego;01.Oct.07;16500000;b
Kontera;;San Francisco;01.Aug.07;10300000;b
Kontera;;San Francisco;01.Jul.06;7000000;a
Tokbox;;San Francisco;01.Oct.07;4000000;a
Tokbox;;San Francisco;06.Aug.08;10000000;b
Six Apart;150;San Francisco;01.Oct.04;10000000;b
Six Apart;150;San Francisco;01.Mar.06;12000000;c
Six Apart;150;San Francisco;23.Apr.03;600000;a
Weebly;;San Francisco;01.May.07;650000;seed
Synthasite;26;San Francisco;01.Nov.07;5000000;a
BitTorrent;29;San Francisco;01.Sep.05;8750000;a
BitTorrent;29;San Francisco;01.Dec.06;25000000;b
Kongregate;16;San Francisco;01.Mar.07;1000000;a
Kongregate;16;San Francisco;01.Aug.07;5000000;b
Kongregate;16;San Francisco;01.Apr.08;3000000;b
DanceJam;0;San Francisco;01.May.07;1000000;angel
DanceJam;0;San Francisco;01.Feb.08;3500000;a
Fathom Online;;San Francisco;01.Jul.04;6000000;a
Zivity;16;San Francisco;01.Aug.07;1000000;seed
Zivity;16;San Francisco;01.Mar.08;7000000;b
BlueLithium;135;San Jose;01.Feb.05;11500000;a
eXpresso;;Menlo Park;01.Oct.07;2000000;a
Doostang;;Palo Alto;01.Sep.07;3500000;a
Docstoc;;Beverly Hills;01.Nov.07;750000;a
Docstoc;;Beverly Hills;28.Apr.08;3250000;b
Mevio;;San Francisco;01.Jul.05;8900000;a
Mevio;;San Francisco;01.Sep.06;15000000;b
Mevio;;San Francisco;09.Jul.08;15000000;c
PureVideo Networks;;Los Angeles;01.Dec.05;5600000;a
PureVideo Networks;;Los Angeles;01.Sep.07;2850000;b
FilmLoop;;Menlo Park;01.Feb.05;5600000;a
BitPass;;Mountain View;01.Jul.03;1500000;a
BitPass;;Mountain View;01.Sep.04;11800000;b
Art.com;500;Emeryville;01.Feb.05;30000000;a
Atom Shockwave;;San Francisco;01.Mar.01;22900000;a
CinemaNow;;Marina Del Rey;01.Jul.04;11000000;a
Digital Chocolate;;San Mateo;01.Dec.03;8400000;a
Digital Chocolate;;San Mateo;01.Dec.03;13000000;b
eHarmony;;Pasadena;01.Jun.00;3000000;a
eHarmony;;Pasadena;01.Nov.04;110000000;b
Friendster;465;San Francisco;01.Dec.02;2400000;a
Friendster;465;San Francisco;01.Oct.03;13000000;b
Friendster;465;San Francisco;01.Aug.06;10000000;c
Friendster;465;San Francisco;05.Aug.08;20000000;d
Greystripe;;San Francisco;01.May.07;8900000;b
Sling Media;;Foster City;01.Nov.04;10500000;a
Sling Media;;Foster City;01.Jul.05;4000000;a
Trulia;;San Francisco;01.Dec.05;5700000;b
Trulia;;San Francisco;01.May.07;10000000;c
Trulia;;San Francisco;01.Sep.05;2100000;a
Trulia;;San Francisco;10.Jul.08;15000000;d
Lending Club;;Sunnyvale;01.May.07;2000000;angel
Lending Club;;Sunnyvale;01.Aug.07;10260000;a
tubemogul;15;Emeryville;07.Feb.08;1500000;a
Gemini;;San Mateo;01.Mar.07;20000000;a
Gemini;;San Mateo;01.May.07;5000000;b
Multiverse;;Mountain View;01.May.07;4175000;a
Multiverse;;Mountain View;17.Apr.07;850000;angel
LimeLife;;Menlo Park;28.Mar.06;10000000;b
LimeLife;;Menlo Park;01.Aug.05;5000000;a
LimeLife;;Menlo Park;24.May.07;3900000;b
OpenTable;;San Francisco;01.May.99;2000000;a
OpenTable;;San Francisco;01.Jan.00;10000000;b
OpenTable;;San Francisco;01.Oct.00;36000000;c
RooftopComedy;20;San Francisco;01.May.07;2500000;a
Federated Media;;Sausalito;01.Aug.07;4500000;b
Federated Media;;Sausalito;01.Apr.08;50000000;c
Delivery Agent;;San Francisco;01.May.07;18500000;c
Delivery Agent;;San Francisco;17.May.06;11000000;b
Delivery Agent;;San Francisco;29.Mar.05;5500000;a
Reunion;100;Los Angeles;01.Apr.07;25000000;a
Mixercast;;San Mateo;01.May.05;2600000;a
Mixercast;;San Mateo;01.Jan.08;6000000;b
mTraks;;San Diego;01.May.07;550000;angel
Xora;;Mountain View;01.May.01;7000000;a
Xora;;Mountain View;01.Feb.03;4000000;b
Xora;;Mountain View;01.Jun.07;4000000;debt_round
Ooyala;;Mountain View;01.Jan.08;8500000;b
SayNow;14;Palo Alto;01.Sep.07;7500000;a
Crunchyroll;;San Francsico;01.Feb.08;4050000;a
CircleUp;19;Newport Beach;01.Jun.07;3000000;a
PixSense;;Santa Clara;01.Dec.06;5400000;a
PixSense;;Santa Clara;01.Jun.07;2000000;b
Danal;;San Jose;01.Jun.07;9500000;a
hulu;;Los Angeles;01.Aug.07;100000000;a
OurStory;;Mountain View;01.Jan.06;6300000;a
Specificmedia;;Ir vine;01.Jun.06;10000000;a
Specificmedia;;Ir vine;01.Nov.07;100000000;b
AdMob;;San Mateo;01.Mar.07;15000000;b
MySQL;;Cupertino;01.Feb.06;18500000;c
MySQL;;Cupertino;01.Jun.03;19500000;b
Attributor;0;Redwood City;28.Jan.06;2000000;a
Attributor;0;Redwood City;02.Apr.08;12000000;c
Attributor;0;Redwood City;18.Dec.06;8000000;b
Social Media;15;Palo Alto;01.Sep.07;500000;a
Social Media;15;Palo Alto;01.Oct.07;3500000;b
Demand Media;;Santa Monica;01.May.06;120000000;a
Demand Media;;Santa Monica;01.Sep.06;100000000;b
Demand Media;;Santa Monica;01.Sep.07;100000000;c
Demand Media;;Santa Monica;24.Mar.08;35000000;d
TripIt;8;San Francisco;01.Apr.07;1000000;seed
PubMatic;35;Palo Alto;01.Jan.08;7000000;a
Mint;22;Mountain View;01.Oct.07;4700000;a
Mint;22;Mountain View;01.Oct.06;325000;seed
Mint;22;Mountain View;05.Mar.08;12000000;b
app2you;4;La Jolla;20.Nov.07;255000;angel
app2you;4;La Jolla;01.Oct.06;177000;angel
YourStreet;6;San Francisco;01.Oct.06;250000;angel
Tagworld;;Santa Monica;01.Mar.06;7500000;a
Tagworld;;Santa Monica;01.Dec.06;40000000;b
RotoHog;;Inglewood;01.Aug.07;6000000;a
ThisNext;0;Santa Monica;01.Jan.08;5000000;b
ThisNext;0;Santa Monica;01.Jan.06;2500000;a
ChessPark;;West Palm Beach;01.Jul.07;1000000;angel
Break;;Beverly Hills;01.Jul.07;21400000;a
MuseStorm;;Sunnyvale;01.Jul.07;1000000;a
Media Machines;;San Francisco;01.Aug.07;9400000;a
Ciihui;;Burlingame;01.May.07;10000000;a
Ciihui;;Burlingame;01.Jan.08;13500000;b
Aliph;;San Francisco;01.Jul.07;5000000;a
mEgo;15;Los Angeles;01.May.06;1100000;angel
mEgo;15;Los Angeles;01.Jul.07;2000000;angel
Realius;3;Berkeley;01.May.07;500000;angel
Xobni;0;San Francisco;01.Jun.06;12000;seed
Xobni;0;San Francisco;01.Nov.06;80000;angel
Xobni;0;San Francisco;01.Mar.07;4260000;a
Spoke;0;San Mateo;18.Nov.03;11700000;c
Spoke;0;San Mateo;24.Apr.03;9200000;b
FixYa;30;San Mateo;01.Jan.07;2000000;a
FixYa;30;San Mateo;18.Mar.08;6000000;b
Mozilla;150;Mountain View;15.Jul.03;2000000;unattributed
BrightQube;0;Carlsbad;01.May.07;200000;angel
BuzzDash;0;Marina del Rey;01.Sep.06;1200000;angel
Urban Mapping;9;San Francisco;01.May.06;400000;seed
Consorte Media;0;San Francisco;01.Dec.07;7000000;b
ffwd;;San Francisco;01.Aug.07;1700000;a
Get Satisfaction;;San Francisco;01.Sep.07;1300000;a
RingCentral;;Redwood City;01.Sep.07;12000000;a
RingCentral;;Redwood City;01.Feb.08;12000000;b
3Jam;;Menlo Park;01.Jul.07;4000000;a
PlaySpan;;Santa Clara;01.Sep.07;6500000;a
Grouply;6;Redwood City;01.Jun.07;935000;angel
Grouply;6;Redwood City;01.Jan.08;365000;angel
Grouply;6;Redwood City;14.Jan.08;1300000;a
Graspr;;Sunnyvale;10.Jul.08;2500000;a
Zannel;;San Francisco;02.Jun.08;10000000;b
deca.tv;;Santa Monica;01.Sep.07;5000000;a
Zimbra;;San Mateo;01.Apr.06;14500000;c
FriendFeed;;Mountain View;26.Feb.08;5000000;a
Rupture;15;San Francisco;01.Jul.07;3000000;angel
JibJab;;Santa Monica;01.Oct.07;3000000;b
Rubicon Project;;Los Angeles;01.Oct.07;4000000;a
Rubicon Project;;Los Angeles;01.Oct.07;2000000;debt_round
Rubicon Project;;Los Angeles;28.Jan.08;15000000;b
SnapLayout;;San Francisco;01.May.07;650000;a
Confabb;;;01.Aug.07;200000;angel
UpTake;;Palo Alto;18.Dec.07;4000000;a
23andMe;30;Mountain View;01.May.07;9000000;a
YuMe;;Redwood City;01.Oct.07;9000000;b
Mochi Media;;San Francisco;12.Mar.08;4000000;a
Mochi Media;;San Francisco;18.Jun.08;10000000;b
Blurb;;San Francisco;01.Oct.06;12000000;b
WeatherBill;;San Francisco;01.Oct.07;12600000;a
Automattic;20;San Francisco;01.Jul.05;1100000;a
Automattic;20;San Francisco;01.Jan.08;29500000;b
Radar Networks;;San Francisco;01.Apr.06;5000000;a
Radar Networks;;San Francisco;01.Feb.08;13000000;b
Veodia;15;San Mateo;12.May.08;8300000;a
EchoSign;;Palo Alto;01.Oct.07;6000000;a
Rollbase;0;Mountain View;01.Aug.07;400000;angel
Predictify;6;Redwood City;25.Mar.08;4300000;a
TrialPay;50;San Francisco;01.Feb.08;12700000;b
Socializr;;San Francisco;01.Sep.07;1500000;a
Eurekster;0;;01.Dec.04;1350000;a
Eurekster;0;;13.Mar.07;5500000;b
Gydget;;San Francisco;01.Aug.06;1000000;a
PicksPal;;Mountain View;01.Oct.07;3000000;c
Gigya;;Palo Alto;01.Feb.07;3000000;a
Gigya;;Palo Alto;09.Mar.08;9500000;b
Songbird;;San Francisco;01.Dec.06;8000000;seed
Guardian Analytics;;Los Altos;01.Oct.07;4500000;b
Fora.TV;;San Francisco;01.Oct.07;4000000;a
Disqus;3;San Francisco;18.Mar.08;500000;a
SezWho;9;Los Altos;01.Oct.07;1000000;a
YieldBuild;;San Francisco;03.Mar.08;6000000;b
Akimbo;;San Mateo;01.Jun.06;15500000;c
Akimbo;;San Mateo;01.Jul.04;12000000;b
Akimbo;;San Mateo;01.Jun.03;4200000;seed
Akimbo;;San Mateo;29.Feb.08;8000000;d
Laszlo Systems;60;San Mateo;06.Mar.08;14600000;c
Laszlo Systems;60;San Mateo;15.Apr.05;6250000;b
BrightRoll;;San Francisco;01.Oct.07;5000000;b
MerchantCircle;10;Los Altos;01.Sep.07;10000000;b
Minekey;;Sunnyvale;01.Aug.07;3000000;a
Booking Angel;;Hollywood;01.Aug.07;100000;angel
Loopt;;Mountain View;01.Jun.05;6000;seed
Loopt;;Mountain View;23.Jul.07;8250000;b
Fix8;;Sherman Oaks;01.Oct.07;3000000;a
Fix8;;Sherman Oaks;03.Apr.08;2000000;b
MyBuys;;Redwood Shores;21.Feb.07;2800000;a
MyBuys;;Redwood Shores;08.Oct.07;10000000;b
BlackArrow;35;San Mateo;01.Oct.07;12000000;b
BlackArrow;35;San Mateo;01.Nov.06;14750000;a
Peerflix;;Palo Alto;01.Oct.05;8000000;b
Peerflix;;Palo Alto;01.Mar.05;2000000;a
fatdoor;;Palo Alto;01.Nov.07;5500000;a
fatdoor;;Palo Alto;01.Feb.07;1000000;angel
fatdoor;;Palo Alto;01.May.07;500000;debt_round
Verimatrix;100;San Diego;01.Jun.06;8000000;b
Verimatrix;100;San Diego;01.Oct.07;5000000;c
Billeo;;Santa Clara;01.Nov.07;7000000;b
Billeo;;Santa Clara;01.Apr.06;4000000;a
Caring.com;;San Mateo;01.Sep.07;6000000;a
Ask.com;475;Oakland;01.Mar.99;25000000;a
Project Playlist;;Palo Alto;01.Sep.07;3000000;a
Blowtorch;;Sausalito;01.Nov.07;50000000;a
GameLayers;;San Francisco;01.Oct.07;500000;seed
MoGreet;;Venice;01.Aug.07;1200000;a
MoGreet;;Venice;20.Jun.08;2500000;b
YourTrumanShow;;San Francisco;01.Dec.06;1300000;angel
Apprema;;Sunnyvale;01.Nov.07;800000;debt_round
TrustedID;100;Redwood City;01.Jan.07;5000000;a
TrustedID;100;Redwood City;18.Oct.07;10000000;b
Seeqpod;25;Emeryville;01.Apr.08;7000000;angel
Quantenna;;Sunnyvale;01.Nov.07;12700000;b
Qwaq;;Palo Alto;01.Nov.07;7000000;b
uber;24;Beverly Hills;26.May.08;7600000;b
CashView;;Palo Alto;01.Sep.07;6500000;b
CrossLoop;8;Monterey;01.Dec.07;3000000;a
Dapper;20;San Francisco;01.Dec.07;3000000;a
Anchor Intelligence;;Mountain View;01.Jan.07;2000000;a
Anchor Intelligence;;Mountain View;01.Sep.07;4000000;b
EdgeCast;30;Los Angeles;01.Dec.07;6000000;b
EdgeCast;30;Los Angeles;01.Jun.07;4000000;a
Kosmix;;Mountain View;01.Dec.07;10000000;c
GoodReads;;Santa Monica;01.Nov.07;750000;angel
Ribbit;28;Mountain View;01.Dec.07;10000000;b
Ribbit;28;Mountain View;01.Oct.06;3000000;a
Jobvite;;San Francisco;01.Dec.07;7200000;a
Juice Wireless;;Los Angeles;01.Apr.05;500000;a
Juice Wireless;;Los Angeles;01.Jan.06;1500000;a
Juice Wireless;;Los Angeles;01.Jul.06;4000000;a
Juice Wireless;;Los Angeles;01.Mar.07;3300000;b
Juice Wireless;;Los Angeles;01.Dec.07;6000000;c
Qik;22;Foster City;09.Apr.08;3000000;b
PlayFirst;;San Francisco;01.Dec.07;16500000;c
PlayFirst;;San Francisco;01.Jan.06;5000000;b
Mobissimo;15;San Francisco;01.Apr.04;1000000;seed
Chumby;20;San Diego;01.Dec.06;5000000;a
Chumby;20;San Diego;31.Mar.08;12500000;b
UGOBE;;Emeryville;01.Oct.06;8000000;b
Ausra;4;Palo Alto;01.Sep.07;40000000;a
Causes;;Berkeley;01.Jan.07;2350000;a
Causes;;Berkeley;01.Mar.08;5000000;b
Nanosolar;;San Jose;01.May.05;20000000;b
Nanosolar;;San Jose;01.Jun.06;75000000;c
Shozu;;San Francisco;01.May.05;12000000;b
Shozu;;San Francisco;29.Jan.08;12000000;c
Tesla Motors;270;San Carlos;01.May.06;40000000;c
Tesla Motors;270;San Carlos;01.May.07;45000000;d
Tesla Motors;270;San Carlos;01.Apr.04;7500000;a
Tesla Motors;270;San Carlos;01.Feb.05;13000000;b
Tesla Motors;270;San Carlos;08.Feb.08;40000000;e
Bunchball;;Redwood City;01.Oct.06;2000000;a
Bunchball;;Redwood City;13.Apr.08;4000000;b
Pinger;;San Jose;01.Dec.06;8000000;b
Hooja;;Palo Alto;01.Dec.07;1250000;seed
TravelMuse;11;Los Altos;01.May.07;3000000;a
Cooking.com;;Santa Monica;01.Jan.08;7000000;debt_round
Cooking.com;;Santa Monica;01.May.00;35000000;e
Cooking.com;;Santa Monica;01.Apr.99;16000000;b
Cooking.com;;Santa Monica;01.Oct.99;30000000;c
Meraki;;Mountain View;01.Feb.07;5000000;a
Meraki;;Mountain View;01.Jan.08;20000000;b
SugarCRM;;Cupertino;01.Jan.08;14500000;d
SugarCRM;;Cupertino;01.Oct.05;18770000;c
SugarCRM;;Cupertino;01.Aug.04;2000000;a
SugarCRM;;Cupertino;01.Feb.05;5750000;b
Pudding Media;11;San Jose;01.Jan.08;8000000;a
4HomeMedia;10;Sunnyvale;01.Jan.07;2850000;a
Pageonce;;Palo Alto;01.Jan.08;1500000;a
bluepulse;0;San Mateo;01.Apr.07;6000000;a
Mogad;2;San Francisco;01.Aug.07;500000;a
DeviceVM;;San Jose;01.Aug.06;10000000;a
DeviceVM;;San Jose;01.Oct.07;10000000;b
Outspark;;San Francisco;11.Apr.07;4000000;a
Outspark;;San Francisco;01.Jan.08;11000000;b
Engine Yard;60;San Francisco;01.Jan.08;3500000;a
Engine Yard;60;San Francisco;13.Jul.08;15000000;b
PLYmedia;;Palo Alto;01.Oct.06;2500000;a
PLYmedia;;Palo Alto;01.Jul.08;6000000;b
fabrik;175;San Mateo;01.Sep.05;4100000;a
fabrik;175;San Mateo;01.Jun.06;8000000;b
fabrik;175;San Mateo;01.Feb.07;14300000;c
fabrik;175;San Mateo;01.May.07;24900000;d
Widgetbox;;San Francisco;01.Jun.06;1500000;angel
Widgetbox;;San Francisco;01.Jan.08;8000000;b
Widgetbox;;San Francisco;01.Jun.07;5000000;a
RazorGator;;Los Angeles;01.Mar.05;26000000;a
RazorGator;;Los Angeles;01.Mar.06;22800000;b
OverSee;150;Los Angeles;01.Jan.07;60000000;debt_round
OverSee;150;Los Angeles;01.Jan.08;150000000;a
Zynga;90;San Francisco;01.Jan.08;10000000;a
Zynga;90;San Francisco;22.Jul.08;29000000;b
Smaato;;San Mateo;01.Jan.08;3500000;a
Credit Karma;4;San Francisco;01.May.07;750000;angel
Greenplum;;San Mateo;01.Jan.08;27000000;c
Greenplum;;San Mateo;01.Feb.07;15000000;b
Greenplum;;San Mateo;01.Mar.06;15000000;a
Greenplum;;San Mateo;01.Feb.07;4000000;debt_round
Amobee;;Redwood City;01.Nov.06;5000000;a
Amobee;;Redwood City;01.Jan.07;15000000;b
WebMynd;;San Francisco;01.Jul.08;250000;angel
Current Media;;San Francisco;29.Jul.05;15000000;a
Heroku;3;San Francisco;01.Jan.08;20000;seed
Heroku;3;San Francisco;08.May.08;3000000;a
Lookery;9;San Francisco;07.Feb.08;900000;seed
Mill River Labs;5;Mountain View;01.Jan.08;900000;angel
Grouptivity;10;San Mateo;01.May.06;2000000;angel
Aductions;5;San Jose;05.Jul.07;100000;seed
VentureBeat;;;11.Feb.08;320000;seed
Collarity;30;Palo Alto;01.Feb.08;7800000;b
RocketOn;;South San Francisco;01.Feb.08;5800000;b
What They Like;10;San Francisco;29.Aug.07;990000;a
GumGum;5;Los Angeles;01.Dec.07;225000;seed
GumGum;5;Los Angeles;21.Jul.08;1000000;a
Snap Technologies;32;Pasadena;01.Jul.05;10000000;a
TwoFish;;Redwood City;01.Jun.07;5000000;a
Three Rings;30;San Francisco;03.Mar.08;3500000;a
Smalltown;8;San Mateo;01.Nov.05;4000000;a
Sparkplay Media;;Mill Valley;01.Feb.08;4250000;a
MOG;;Berkeley;01.Mar.07;1800000;angel
MOG;;Berkeley;29.Apr.08;2800000;a
Social Gaming Network;;Palo Alto;13.May.08;15000000;a
Danger;;Palo Alto;01.Oct.01;36000000;b
Danger;;Palo Alto;01.Feb.03;35000000;d
Danger;;Palo Alto;01.Jul.04;37000000;d
Coverity;;San Francisco;01.Feb.08;22000000;a
GenieTown;8;Palo Alto;01.Oct.07;2000000;a
Redux;11;Berkeley;01.Mar.07;1650000;seed
Redux;11;Berkeley;07.Apr.08;6500000;a
Evernote;;Sunnyvale;01.Mar.06;6000000;angel
Evernote;;Sunnyvale;01.Sep.07;3000000;angel
Numobiq;;Pleasanton;08.Feb.08;4500000;a
GoldSpot Media;;Sunnyvale;23.Jan.08;3000000;a
Mobixell;;Cupertino;08.Jul.08;6000000;a
Ad Infuse;;San Francisco;23.Jan.08;12000000;b
Ad Infuse;;San Francisco;01.Jun.06;5000000;a
SendMe;;San Francisco;01.Dec.06;6000000;b
SendMe;;San Francisco;18.Mar.08;15000000;c
Tiny Pictures;15;San Francisco;01.Aug.07;4000000;a
Tiny Pictures;15;San Francisco;01.Feb.08;7200000;b
flurry;;San Francisco;08.Mar.07;3500000;a
Sharpcast;;Palo Alto;08.Mar.06;13500000;a
Sharpcast;;Palo Alto;08.Mar.06;3000000;b
Teneros;;Mountain View;01.Jul.04;7000000;a
Teneros;;Mountain View;01.Mar.05;17500000;b
Teneros;;Mountain View;01.Apr.06;20000000;c
Teneros;;Mountain View;01.Jan.08;40000000;d
PhotoCrank;3;Palo Alto;01.Apr.07;250000;seed
Yodlee;;Redwood City;04.Jun.08;35000000;unattributed
SlideRocket;5;San Francisco;31.Dec.07;2000000;a
Surf Canyon;3;Oakland;31.Jul.07;250000;seed
Surf Canyon;3;Oakland;08.May.08;600000;seed
Central Desktop;;Pasadena;16.Apr.08;7000000;a
OpenDNS;15;San Francisco;01.Jun.06;2000000;a
Coveo;;Palo Alto;06.Mar.08;2500000;a
Vizu;;San Francisco;20.Feb.06;1000000;a
Vizu;;San Francisco;31.Jan.07;2900000;b
Taltopia;;Los Angeles;08.Mar.08;800000;angel
Kapow Technologies;;Palo Alto;06.Mar.08;11600000;c
Kapow Technologies;;Palo Alto;01.Feb.05;5100000;b
ProgrammerMeetDesigner.com;4;Los Angeles;12.Dec.07;500000;seed
LiveOps;;Santa Clara;01.Apr.04;22000000;b
LiveOps;;Santa Clara;13.Feb.07;28000000;c
Clickpass;;San Francisco;01.Jun.07;20000;seed
SearchMe;52;Mountain View;01.Jul.05;400000;a
SearchMe;52;Mountain View;01.Jan.06;3600000;b
SearchMe;52;Mountain View;01.Jun.07;12000000;c
SearchMe;52;Mountain View;01.Oct.07;15000000;d
SearchMe;52;Mountain View;01.May.08;12600000;e
AccountNow;;San Ramon;29.Jun.07;12750000;c
DailyStrength;14;Los Angeles;18.May.07;4000000;a
PopularMedia;;San Francisco;01.Mar.07;4250000;unattributed
PopularMedia;;San Francisco;28.Jul.08;8000000;c
Clarizen;5;San Mateo;01.May.08;9000000;b
SellPoint;;San Ramon;27.Feb.08;7000000;a
LiveDeal;;Santa Clara;26.Oct.05;4900000;a
NeoEdge Networks;;Mountain View;08.Jun.07;3000000;b
Zuora;30;Redwood City;13.Mar.08;6500000;a
Jivox;;San Mateo;10.Mar.08;2700000;seed
Jivox;;San Mateo;16.Jun.08;10700000;a
Elastra;;San Francisco;15.Aug.07;2600000;a
kwiry;3;San Francisco;20.Mar.07;1000000;a
SupplyFrame;25;Pasadena;21.Jun.07;7000000;b
InMage Systems;;Santa Clara;10.Jul.07;10000000;b
Authenticlick;20;Los Angeles;01.Feb.06;5000000;a
Interneer;6;Agoura Hills;06.Jun.07;2000000;angel
Interneer;6;Agoura Hills;11.Mar.07;1200000;a
Handipoints;;Oakland;02.May.07;250000;seed
Handipoints;;Oakland;02.May.08;550000;angel
Adconion Media Group;150;Santa Monica;24.Feb.08;80000000;c
Zend Technologies;;Cupertino;28.Aug.06;20000000;d
Zend Technologies;;Cupertino;19.Jul.04;8000000;c
SlideShare;10;San Francisco;07.May.08;3000000;a
Intent;6;Santa Monica;01.Feb.08;250000;angel
Wikimedia Foundation;;San Francisco;25.Mar.08;3000000;unattributed
Clearwell Systems;75;Mountain View;22.Aug.07;17000000;c
Become;;Mountain View;25.Mar.08;17500000;c
Become;;Mountain View;17.Jul.08;8000000;d
Bubble Motion;;Mountain View;26.Mar.08;14000000;b
Bubble Motion;;Mountain View;11.Sep.06;10000000;a
Perfect Market;;Pasadena;09.Jul.08;15600000;a
Glassdoor;12;Sausalito;27.Mar.08;3000000;b
Support Space;;Redwood City;24.Oct.06;4250000;a
Xoopit;;San Francisco;01.Dec.06;1500000;angel
Xoopit;;San Francisco;02.Apr.08;5000000;a
Reality Digital;;San Francisco;01.Nov.05;2000000;a
Reality Digital;;San Francisco;31.Mar.08;6300000;b
Cloud9 Analytics;;San Mateo;25.Jul.07;5000000;a
Netcipia;3;Palo Alto;30.Aug.07;200000;angel
iControl;;Palo Alto;02.Apr.08;15500000;b
iControl;;Palo Alto;26.Apr.06;5000000;a
Frengo;;San Mateo;01.Dec.06;2300000;a
Frengo;;San Mateo;03.May.07;5700000;b
mBlox;;Sunnyvale;23.Feb.06;25000000;d
mBlox;;Sunnyvale;09.Mar.05;7500000;c
mBlox;;Sunnyvale;09.Jul.04;10000000;b
mBlox;;Sunnyvale;28.Jan.08;22000000;e
eSolar;10;Pasadena;17.Jan.08;10000000;a
eSolar;10;Pasadena;21.Apr.08;130000000;b
Marin Software;;San Francisco;05.Oct.06;2000000;a
Marin Software;;San Francisco;09.Apr.08;7250000;b
SiBEAM;;Sunnyvale;01.Dec.04;1250000;seed
SiBEAM;;Sunnyvale;01.May.05;15000000;a
SiBEAM;;Sunnyvale;01.Aug.06;21000000;b
SiBEAM;;Sunnyvale;07.Apr.08;40000000;c
Lumos Labs;;San Francisco;11.Jun.07;400000;angel
Lumos Labs;;San Francisco;03.Jun.08;3000000;a
iRise;150;El Segundo;01.Mar.08;20000000;unattributed
richrelevance;;San Francisco;08.Apr.08;4200000;b
Labmeeting;;;01.May.08;500000;seed
Shopflick;10;Los Angeles;15.Mar.08;1000000;angel
Shopflick;10;Los Angeles;01.Jul.08;7000000;a
TurnHere;35;Emeryville;15.Feb.08;7500000;a
TurnHere;35;Emeryville;01.Nov.06;1100000;seed
Coupa;;Foster City;13.Mar.07;1500000;a
Coupa;;Foster City;09.Apr.08;6000000;b
SquareTrade;;San Francisco;01.Oct.99;400000;seed
SquareTrade;;San Francisco;10.Apr.08;9000000;b
V-Enable;;San Diego;28.Feb.06;6000000;c
V-Enable;;San Diego;21.Sep.03;3750000;b
Aeria;;Santa Clara;01.Oct.07;288000;seed
Heysan;6;San Francisco;24.Jan.07;20000;seed
Memeo;;Aliso Viejo;07.Jan.08;8100000;b
imageshack;;Los Gatos;01.May.07;10000000;a
PluggedIn;;Santa Monica;15.Apr.08;2000000;unattributed
CellSpin;12;San Jose;01.Dec.06;1100000;angel
Remixation;5;San Francisco;01.Jul.07;1000000;a
The Auteurs;9;Palo Alto;01.Aug.07;750000;a
Modern Feed;;Los Angeles;01.Apr.07;3000000;seed
GROU.PS;;San Francisco;01.Jun.08;1100000;a
Triggit;5;San Francisco;01.Mar.07;350000;seed
Triggit;5;San Francisco;01.Jul.07;500000;angel
Serious Business;6;San Francisco;25.Apr.08;4000000;unattributed
Presdo;1;Mountain View;01.Dec.07;35000;seed
Nile Guide;;San Francisco;05.Jun.08;8000000;b
Adify;10;San Bruno;01.Aug.06;8000000;a
Adify;10;San Bruno;18.Apr.07;19000000;b
Invensense;;Sunnyvale;28.Apr.08;19000000;c
Center'd;;Menlo Park;01.Feb.07;1000000;angel
Center'd;;Menlo Park;01.Oct.07;5500000;a
Center'd;;Menlo Park;01.May.07;500000;debt_round
New Relic;;;01.Apr.08;3500000;a
Gridstone Research;;San Mateo;04.Apr.08;10000000;b
FusionOps;10;Sunnyvale;01.Mar.05;4000000;a
MarketLive;;Foster City;05.May.08;20000000;e
SnapLogic;;San Mateo;22.May.07;2500000;a
Boardwalktech;20;Palo Alto;01.Oct.06;500000;angel
Rosum;;Mountain View;15.Apr.08;15000000;b
CitizenHawk;;Aliso Viejo;12.May.08;3000000;unattributed
Dilithium Networks;;Petaluma;23.Apr.03;10000000;b
Dilithium Networks;;Petaluma;14.Mar.05;18000000;c
Dilithium Networks;;Petaluma;03.Jul.07;33000000;d
Passenger;;Los Angeles;05.Nov.07;8300000;b
Passenger;;Los Angeles;14.Mar.08;12200000;c
Experience Project;;San Francisco;13.May.08;3000000;a
Mozes;;Palo Alto;22.Feb.07;5000000;a
Mozes;;Palo Alto;01.May.08;11500000;b
rVita;6;Santa Clara;01.Oct.07;1000000;angel
Mefeedia;6;Burbank;19.Mar.08;250000;angel
Wavemaker Software;;San Francisco;15.Apr.08;4500000;a
VirtualLogix;;Sunnyvale;11.Jul.07;16000000;b
Fonemesh;7;San Francisco;01.Jun.08;100000;angel
Fonemesh;7;San Francisco;01.May.08;150000;seed
Cognition Technologies;20;Culver City;15.Jul.08;2700000;unattributed
Sometrics;;Los Angeles;14.May.08;1000000;a
SocialVibe;;Los Angeles;01.Dec.07;4200000;a
deviantART;;Hollywood;21.Jun.07;3500000;a
MyThings;;Menlo Park;01.Apr.06;8000000;a
mywaves;35;Sunnyvale;08.Dec.06;6000000;a
litescape;;Redwood Shores;06.Aug.07;14000000;b
nextbio;;Cupertino;06.Jun.07;7000000;b
Parascale;;Cupertino;23.Jun.08;11370000;a
Row44;;Westlake Village;20.May.08;21000000;a
JellyCloud;;Redwood City;16.May.08;6600000;a
Aster Data Systems;50;Redwood City;01.Nov.05;1000000;angel
Aster Data Systems;50;Redwood City;01.May.07;5000000;a
Pixim;;Mountain View;07.Mar.07;15000000;b
Pixim;;Mountain View;09.Jun.05;12000000;a
Pixim;;Mountain View;12.Jun.07;5100000;b
Funambol;;Redwood City;08.Aug.05;5000000;a
Funambol;;Redwood City;01.Dec.06;5500000;a
Funambol;;Redwood City;17.Jun.08;12500000;b
Funambol;;Redwood City;01.Jun.08;2000000;debt_round
Moblyng;;Menlo Park;21.May.08;5700000;b
Moblyng;;Menlo Park;28.Mar.07;1530000;a
Zecter;3;Mountain View;01.Jun.07;15000;seed
Votigo;;Emeryville;31.Dec.07;1265000;a
Zinio;;San Francisco;12.Sep.05;7000000;a
Dreamfactory;;Mountain View;08.May.06;5800000;a
GreenNote;15;Redwood City;01.Oct.07;4200000;a
Skyfire;;Mountain View;01.Jun.07;4800000;a
Skyfire;;Mountain View;28.May.08;13000000;b
eduFire;;Santa Monica;09.Apr.08;400000;angel
B-hive Networks;;San Mateo;25.Aug.06;7000000;a
VMware;5000;Palo Alto;30.Jul.07;150000000;unattributed
Katalyst Media;11;Los Angeles;28.Jan.08;10000000;a
NeuroVigil;5;La Jolla;30.May.08;250000;seed
Sylantro;;Campbell;01.Apr.06;11000000;e
Sylantro;;Campbell;01.Nov.03;4500000;d
Sylantro;;Campbell;01.Oct.00;55000000;c
TeleFlip;;Santa Monica;01.Jan.08;4900000;b
Vidshadow;16;Placentia;15.Feb.07;2000000;a
Jigsaw;;San Mateo;01.Dec.03;750000;a
Jigsaw;;San Mateo;01.Sep.04;5200000;b
Jigsaw;;San Mateo;01.Mar.06;12000000;c
Ozmo Devices;;Palo Alto;30.Mar.06;12550000;a
Cooliris;;Menlo Park;01.Jul.07;3000000;a
Gamook;;Menlo Park;16.Mar.08;1500000;a
Vindicia;;Redwood City;31.Mar.08;5600000;c
Dizzywood;;;07.Feb.08;1000000;a
Limbo;37;Burlingame;25.Apr.07;8000000;b
StartForce;21;San Francisco;01.Sep.07;1000000;a
coolearth;9;Livermore;20.Feb.08;21000000;a
coolearth;9;Livermore;01.Jun.07;1000000;angel
Yield Software;;San Mateo;04.Jun.08;6000000;b
Tapulous;9;Palo Alto;01.Jul.08;1800000;angel
Codefast;;San Jose;15.Mar.05;6500000;a
Hyperic;;San Francisco;10.May.06;3800000;a
iPling :));7;San Francisco;01.Mar.08;300000;angel
Intacct;100;San Jose;29.Apr.08;15000000;unattributed
Intacct;100;San Jose;27.Jun.07;14000000;unattributed
Vivaty;25;Menlo Park;01.Aug.07;9400000;a
Aurora Biofuels;;Alameda;10.Jun.08;20000000;b
eEye;;Irvine;01.Jun.04;15000000;d
eEye;;Irvine;01.Dec.02;9000000;c
AllBusiness.com;50;San Francisco;01.Jul.04;10000000;b
AllBusiness.com;50;San Francisco;01.Feb.06;12400000;c
InsideView;40;San Francisco;01.Jun.07;7400000;a
Clickability;;San Francisco;14.Jul.08;3500000;debt_round
Keibi Technologies;30;San Francisco;01.May.07;5000000;b
RoboDynamics;5;Santa Monica;01.Sep.03;100000;seed
RoboDynamics;5;Santa Monica;01.May.06;500000;angel
ImageSpan;;Sausalito;23.Jun.08;11000000;b
Solarflare;;Irvine;18.Jun.08;26000000;unattributed
Clupedia;;Santa Ana;22.May.07;1300000;a
Zigabid;10;La Canada;01.Dec.06;500000;seed
Zigabid;10;La Canada;01.Feb.08;500000;angel
InThrMa;3;Oakland;01.Oct.07;10000;seed
Webaroo;;Santa Clara;22.Dec.06;10000000;b
Webaroo;;Santa Clara;05.Jul.08;10000000;c
Fluid Entertainment;;Mill Valley;12.Mar.08;3200000;a
Unisfair;;Menlo Park;21.Jan.08;10000000;b
ON24;;San Francisco;11.Jul.08;8000000;unattributed
trueAnthem;10;Newport Beach;28.Jul.08;2000000;angel
Colizer;;San Diego;01.Apr.04;120000;a
Coremetrics;;San Mateo;09.Mar.06;31000000;d
Coremetrics;;San Mateo;04.Apr.08;60000000;e
Minted;;San Francisco;18.Jul.08;2500000;seed
Appirio;;San Mateo;13.Mar.08;1100000;a
Appirio;;San Mateo;21.Jul.08;10000000;b
samfind;3;Los Angeles;01.Jan.06;20000;seed
Eye-Fi;;Mountain View;11.Jun.07;5500000;a
ResponseLogix;;Sunnyvale;23.Jan.08;8000000;a
Qumu;;Emeryville;21.Jul.08;10700000;c
CarbonFlow;;San Francsico;23.Jul.08;2900000;a
Allvoices;8;San Francisco;31.Jul.07;4500000;a
Moxsie;;Palo Alto;27.Jun.08;1000000;a
Service-now.com;80;Solana Beach;05.Jul.05;2500000;a
Service-now.com;80;Solana Beach;05.Dec.06;5000000;b
Anvato;;Mountain View;29.Jul.08;550000;seed
Vantage Media;150;El Segundo;28.Feb.07;70000000;a
Entone Technologies;80;San Mateo;01.Aug.08;14500000;b
Entone Technologies;80;San Mateo;02.May.03;9500000;a
750 Industries;7;San Francisco;01.Aug.08;1000000;a
Plastic Logic;;Mountain View;20.Apr.02;13700000;a
Plastic Logic;;Mountain View;05.Jan.05;8000000;b
Plastic Logic;;Mountain View;30.Nov.05;24000000;c
Plastic Logic;;Mountain View;06.Jan.07;100000000;d
Plastic Logic;;Mountain View;04.Aug.08;50000000;e
Paymo;;San Francisco;01.Aug.08;5000000;seed
Brilliant Telecom;;Campbell;04.Aug.08;11000000;a
SkyGrid;;Sunnyvale;06.Aug.08;11000000;b
Intense Debate;4;Boulder;01.May.07;15000;seed
Associated Content;;Denver;01.Jan.06;5400000;a
Associated Content;;Denver;01.Jul.07;10000000;b
madKast;;Boulder;01.Mar.07;15000;seed
madKast;;Boulder;01.Oct.07;300000;a
EventVue;;Boulder;01.Aug.07;15000;seed
EventVue;;Boulder;01.Sep.07;250000;a
Socialthing!;6;Boulder;18.May.07;15000;seed
Socialthing!;6;Boulder;01.Oct.07;500000;debt_round
J Squared Media;;Boulder;01.Aug.07;15000;seed
Search to Phone;;Boulder;01.Aug.07;15000;seed
Filtrbox;;Boulder;01.Aug.07;15000;seed
Filtrbox;;Boulder;28.Feb.08;500000;seed
Brightkite;;Denver;01.Aug.07;15000;seed
Brightkite;;Denver;01.Mar.08;1000000;angel
NewsGator;;Denver;23.Jun.04;1400000;a
NewsGator;;Denver;01.Dec.07;12000000;c
NewsGator;;Denver;01.Dec.04;8600000;b
Me.dium;;Boulder;01.Jun.07;15000000;b
Buzzwire;;Denver;01.Dec.07;8000000;b
HiveLive;;Boulder;01.Feb.08;2200000;angel
HiveLive;;Boulder;27.Feb.08;5600000;a
XAware;;Colorado Springs;01.Jan.08;7400000;b
XAware;;Colorado Springs;01.Nov.02;2100000;a
Lijit;;Boulder;01.Jan.07;900000;a
Lijit;;Boulder;01.Jun.07;3300000;b
hubbuzz;8;Centennial;01.Mar.07;750000;angel
Gnip;6;Boulder;01.Mar.08;1100000;a
Collective Intellect;;Boulder;01.Feb.06;2600000;a
Collective Intellect;;Boulder;15.Apr.08;6600000;b
Rally Software;;Boulder;04.Jun.08;16850000;c
Rally Software;;Boulder;14.Jun.06;8000000;b
Symplified;;Boulder;09.Jun.08;6000000;a
Indeed;;Stamford;01.Aug.05;5000000;a
Geezeo;;Hartford;24.Apr.08;1200000;unattributed
Entrecard;1;Hamden;01.Jan.07;30000;seed
Entrecard;1;Hamden;01.Nov.07;40000;seed
AmericanTowns.com;10;Fairfield;01.Jul.06;1100000;a
AmericanTowns.com;10;Fairfield;01.Sep.07;3300000;b
Kayak;58;Norwalk;01.May.06;11500000;c
Kayak;58;Norwalk;01.Dec.04;7000000;b
Kayak;58;Norwalk;01.Dec.07;196000000;d
GoCrossCampus;25;New Haven;01.Sep.07;375000;seed
Health Plan One;;Shelton;21.Apr.08;6500000;a
Your Survival;10;Westport;01.Nov.07;350000;angel
Media Lantern;9;New London;30.Mar.08;250000;seed
GridPoint;;Washington;01.Sep.07;32000000;d
GridPoint;;Washington;01.May.06;16000000;b
GridPoint;;Washington;01.Sep.06;21000000;c
GridPoint;;Washington;28.Mar.08;15000000;d
HotPads;11;Washington;01.Mar.07;2300000;a
LaunchBox;;Washinton;01.Feb.08;250000;a
Cogent;;Washington;12.Feb.08;510000;seed
SwapDrive;;Washington;01.May.00;2650000;a
SwapDrive;;Washington;01.May.01;2000000;a
Searchles;;Washington;01.Jul.08;2000000;angel
PayPerPost;;Orlando;01.Jun.07;7000000;b
PayPerPost;;Orlando;01.Oct.06;3000000;a
Affinity Internet;;Fort Lauderdale;01.Oct.99;60000000;a
Affinity Internet;;Fort Lauderdale;01.Jan.02;25000000;a
Multiply;;Boca Raton;01.Nov.05;2000000;a
Multiply;;Boca Raton;01.Jul.06;3000000;a
Multiply;;Boca Raton;01.Aug.07;16600000;b
Revolution Money;;Largo;01.Sep.07;50000000;b
Batanga;;Miami;01.Aug.07;30000000;c
Batanga;;Miami;01.Apr.06;5000000;b
divorce360;6;North Palm Beach;01.Sep.07;2500000;a
Infinity Box;3;Tampa;01.Jan.06;18000;seed
Infinity Box;3;Tampa;01.Apr.06;100000;angel
MOLI;;West Palm Beach;01.Jan.08;29600000;b
Global Roaming;29;Miami;01.Feb.07;7500000;a
Global Roaming;29;Miami;01.Feb.08;23000000;b
Slingpage;8;Estero;01.Dec.07;2250000;angel
WrapMail;10;Fort Lauderdale;06.Jan.07;1100000;seed
eJamming;;Boca Raton;02.Jun.08;150000;unattributed
Lehigh Technologies;;Naples;23.Jun.08;34500000;unattributed
TournEase;10;Lakeland;01.Apr.06;3000000;angel
TournEase;10;Lakeland;01.Mar.08;500000;angel
Vitrue;;Atlanta;01.Oct.07;10000000;b
Vitrue;;Atlanta;01.May.06;2200000;seed
Screaming Sports;;Atlanta;01.Jul.07;1250000;a
beRecruited;;Atlanta;01.Nov.07;1200000;a
MFG;;Atlanta;01.Sep.05;14000000;a
MFG;;Atlanta;01.Jan.07;4000000;c
MFG;;Atlanta;01.Jan.08;26000000;d
Scintella Solutions;2;Atlanta;30.Apr.08;10000;seed
ScribeStorm;12;Fairfield;24.Apr.06;225000;angel
Balihoo;;Boise;01.Jul.07;1500000;a
Balihoo;;Boise;01.Jan.08;4000000;b
Info;;Chicago;01.Nov.04;8400000;a
FeedBurner;;Chicago;01.Jun.04;1000000;a
FeedBurner;;Chicago;01.Apr.05;7000000;b
Viewpoints;;Chicago;01.Jun.07;5000000;a
GrubHub;;Chicago;01.Nov.07;1100000;a
TicketsNow;;Rolling Meadows;01.Jan.07;34000000;a
The Point;;Chicago;01.Nov.07;2500000;angel
The Point;;Chicago;01.Feb.08;4800000;a
Inkling;2;Chicago;01.Jan.07;20000;seed
crowdSPRING;6;Chicago;23.May.08;3000000;angel
Ifbyphone;16;Skokie;01.Jul.07;1500000;a
Fave Media;18;Chicago;17.Jan.08;1600000;a
Accertify;;Schaumburg;03.Jun.08;4000000;a
Firefly Energy;;Peoria;14.Oct.04;4000000;a
Firefly Energy;;Peoria;10.Jun.08;15000000;c
Firefly Energy;;Peoria;13.Nov.06;10000000;b
SAVO;68;Chicago;01.Sep.05;10000000;a
ChaCha;75;Carmel;01.Jan.07;6000000;a
ChaCha;75;Carmel;01.Nov.07;10000000;b
Better World Books;;Mishawaka;07.Apr.08;4500000;a
Compendium Blogware;25;Indianapolis;01.May.07;1100000;angel
Compendium Blogware;25;Indianapolis;01.May.08;1600000;angel
Instagarage;4;New Orleans;10.May.07;25000;seed
iSkoot;;Cambridge;27.Feb.07;7000000;b
iSkoot;;Cambridge;29.Nov.06;6200000;a
Gotuit Media;;Woburn;01.Dec.04;10000000;b
Gotuit Media;;Woburn;01.Dec.02;6000000;a
Carbonite;68;Boston;01.Mar.06;2500000;a
Carbonite;68;Boston;01.Dec.06;3500000;a
Carbonite;68;Boston;01.May.07;15000000;b
Carbonite;68;Boston;28.Dec.07;5000000;b
ScanScout;40;Boston;01.Mar.07;7000000;a
ScanScout;40;Boston;01.Apr.07;2000000;angel
Going;;Boston;01.Jul.07;5000000;a
Brightcove;;Cambridge;01.Mar.05;5500000;a
Brightcove;;Cambridge;01.Nov.05;16200000;b
Brightcove;;Cambridge;01.Jan.07;59500000;c
Brightcove;;Cambridge;01.Sep.06;5000000;b
Brightcove;;Cambridge;01.May.08;4900000;d
PermissionTV;;Waltham;01.Jun.07;9000000;c
Bountii;;Boston;01.Jun.07;15000;seed
Conduit Labs;;Cambridge;01.Aug.07;5500000;a
ZoomInfo;80;Waltham;01.Jul.04;7000000;a
ZoomInfo;80;Waltham;01.Jul.04;7000000;a
Vlingo;;Cambridge;02.Apr.08;20000000;b
Vtap;;Andover;01.May.07;14000000;b
MocoSpace;25;Boston;01.Jan.07;3000000;a
Quattro Wireless;;Waltham;01.May.07;6000000;a
Quattro Wireless;;Waltham;05.Sep.07;12300000;b
Care.com;;Waltham;01.May.07;3100000;a
OnForce;;Lexington;01.Sep.07;6750000;a
OnForce;;Lexington;12.Jan.06;15000000;a
RatePoint;;Needham;01.Jun.07;6500000;a
UpDown;5;Cambridge;29.Jan.08;750000;angel
Eons;;Boston;01.Mar.07;22000000;b
Eons;;Boston;01.Apr.06;10000000;a
GamerDNA;;Cambridge;18.Apr.08;3000000;a
Mix & Meet;2;Cambridge;29.Mar.08;400000;angel
Sermo;;Cambridge;01.Sep.07;25000000;c
Sermo;;Cambridge;01.Jan.07;9500000;b
Sermo;;Cambridge;01.Sep.06;3000000;a
WorkLight;30;Newton;01.Sep.06;5100000;a
WorkLight;30;Newton;30.Apr.08;12000000;b
MatchMine;;Needham;01.Sep.07;10000000;a
CondoDomain;4;Boston;01.Jun.05;300000;angel
uTest;10;Ashland;01.Oct.07;2300000;a
Compete;;Boston;01.Aug.07;10000000;c
Compete;;Boston;06.Oct.03;13000000;b
Azuki Systems;30;Acton;01.Sep.07;6000000;a
Acinion;;Acton;01.Dec.06;5000000;a
Acinion;;Acton;01.Oct.07;16000000;b
xkoto;45;Waltham;01.Nov.07;7500000;b
HubSpot;30;Cambridge;01.Sep.07;5000000;a
HubSpot;30;Cambridge;16.May.08;12000000;b
HubSpot;30;Cambridge;01.May.06;500000;seed
Utterz;3;Maynard;01.Sep.07;4000000;a
Intronis;;Boston;01.Oct.07;5000000;a
Acquia;11;Andover;01.Dec.07;7000000;a
A123Systems;;Watertown;01.Oct.07;30000000;d
A123Systems;;Watertown;01.Jan.07;40000000;c
A123Systems;;Watertown;01.Feb.06;30000000;b
Boston Power;55;Westborough;01.Nov.06;8000000;a
Boston Power;55;Westborough;01.Jan.08;45000000;c
Boston Power;55;Westborough;01.Jan.07;15600000;b
Visible Measures;;Boston;01.Mar.07;5000000;a
Visible Measures;;Boston;01.Jan.08;13500000;b
Visible Measures;;Boston;01.Jan.06;800000;seed
Endeca;500;Cambridge;01.Jun.04;15000000;c
Endeca;500;Cambridge;01.Jan.08;15000000;d
Endeca;500;Cambridge;01.Nov.01;15000000;b
Endeca;500;Cambridge;01.Jan.01;10000000;a
ChoiceStream;70;Cambridge;01.Jan.00;15000000;seed
ChoiceStream;70;Cambridge;22.Feb.05;7000000;a
ChoiceStream;70;Cambridge;01.Jun.06;13100000;b
ChoiceStream;70;Cambridge;04.Apr.07;26500000;c
YouCastr;5;Cambridge;01.Feb.08;100000;angel
JackPot Rewards;;Newton;01.Feb.08;16700000;a
Mzinga;;Burlington;03.Mar.08;32500000;d
Dimdim;;Burlington;01.Feb.07;2400000;a
Dimdim;;Burlington;01.Jul.08;6000000;b
utoopia;2;Boston;01.Mar.07;100000;seed
Retail Convergence;;Boston;24.Apr.08;25000000;a
Frame Media;;Wellesley;09.Nov.07;2000000;a
Frame Media;;Wellesley;02.May.08;3000000;unattributed
Turbine;200;Westwood;29.Apr.08;40000000;c
Turbine;200;Westwood;09.May.05;30000000;b
Zeer;5;Boston;01.Aug.07;1050000;angel
SimpleTuition;;Newton;14.Apr.06;4400000;a
SimpleTuition;;Newton;18.Dec.06;7500000;b
Sirtris Pharmaceuticals;;Cambridge;01.Dec.04;13000000;a
Sirtris Pharmaceuticals;;Cambridge;08.Mar.05;27000000;b
Sirtris Pharmaceuticals;;Cambridge;19.Apr.06;37000000;c
Good Data;30;Cambridge;23.Jul.08;2000000;seed
Navic Networks;;Waltham;14.Feb.00;2000000;a
Navic Networks;;Waltham;26.Feb.01;20000000;c
Navic Networks;;Waltham;07.Jun.00;20000000;b
Pivot;40;Cambridge;01.Dec.04;5000000;a
Pivot;40;Cambridge;01.Apr.06;8000000;b
Optaros;200;Boston;01.Jun.08;12000000;c
Optaros;200;Boston;20.Nov.06;13000000;b
Optaros;200;Boston;09.Mar.05;7000000;a
Astaro;;Burlington;01.May.03;6200000;a
Astaro;;Burlington;01.May.04;6700000;b
Pangea Media;25;Watertown;01.Apr.07;1000000;angel
Posterous;;Boston;01.May.08;15000;seed
Spire;;Boston;08.Jul.08;9000000;a
neoSaej;;Burlington;14.Jul.08;7000000;unattributed
GenArts;;Cambridge;17.Jul.08;22400000;unattributed
OrderMotion;;Boston;21.Jul.08;1400000;unattributed
HAM-IT;7;North Andover;01.Oct.07;340000;seed
Freewebs;35;Silver Spring;01.Aug.06;12000000;a
MPTrax;4;Baltimore;01.Jan.07;350000;angel
JackBe;0;Chevy Chase;01.Oct.07;9500000;c
ZeniMax;;Rockville;01.Oct.07;300000000;a
ZeniMax;;Rockville;30.May.08;9900000;a
Intelliworks;24;Rockville;14.Feb.05;6000000;a
Intelliworks;24;Rockville;10.Oct.06;10000000;b
Intelliworks;24;Rockville;07.Apr.08;4000000;c
HEXIO;1;Kennebunk;10.Jan.08;20000;seed
Foneshow;8;Portland;01.Sep.07;1050000;a
Foneshow;8;Portland;01.Sep.06;25000;seed
Zattoo;45;Ann Arbor;01.Nov.07;10000000;b
LoudClick;9;Richfield;31.Mar.08;600000;angel
Agilis Systems;;St. Louis;16.May.08;5000000;b
International Liars Poker Association;24;St. Louis;01.Nov.07;1250000;seed
ChannelAdvisor;300;Morrisville;01.May.07;30000000;c
ChannelAdvisor;300;Morrisville;22.Jan.04;7000000;a
ChannelAdvisor;300;Morrisville;28.Apr.05;18000000;b
Yap;;Charlotte;01.Mar.07;1500000;angel
Yap;;Charlotte;10.Jun.08;6500000;a
PrepChamps;10;Durham;22.Apr.08;1200000;a
SilkRoad technology;;Winston-Salem;19.Feb.08;10000000;b
SilkRoad technology;;Winston-Salem;15.May.08;54000000;c
BrightDoor Systems;26;Cary;13.Apr.07;200000;a
DriftToIt;4;Raleigh;01.Jun.07;300000;angel
rPath;45;Raleigh;24.Jan.06;6400000;a
rPath;45;Raleigh;24.Jan.07;9100000;b
rPath;45;Raleigh;24.Jun.08;10000000;c
Ntractive;6;Grand Forks;08.Jul.08;570000;a
Bill Me Later;;Omaha;01.Mar.06;27400000;a
AdaptiveBlue;6;Livingston;15.Feb.07;1500000;a
Phanfare;;Metuchen;01.Nov.07;2500000;c
Phanfare;;Metuchen;01.Jul.06;2000000;b
EnterpriseDB;;Edison;07.Sep.05;7000000;a
EnterpriseDB;;Edison;01.Aug.06;20000000;b
EnterpriseDB;;Edison;25.Mar.08;10000000;c
Neocleus;;Jersey City;19.Jun.08;11000000;b
Datapipe;;Jersey City;08.Jul.08;75000000;unattributed
Switch2Health;;North Brunswick;16.Jul.08;200000;unattributed
Voltaix;;N. Branch;29.Jul.08;12500000;unattributed
SpaBoom;9;Albuquerque;15.Jul.06;700000;a
SpaBoom;9;Albuquerque;15.Sep.07;600000;b
Novint;;Albuquerque;17.Jun.08;5200000;unattributed
MeetMoi;7;New York City;01.Jun.07;1500000;a
Meetup;1;New York;01.Dec.02;2800000;a
Meetup;1;New York;01.Nov.03;5300000;b
Meetup;1;New York;23.Jul.08;7500000;d
Mogulus;20;New York;01.May.07;1200000;angel
Mogulus;20;New York;01.Jan.08;1500000;angel
Mogulus;20;New York;01.Jul.08;10000000;a
Pando;23;New York;01.Jan.07;11000000;b
Pando;23;New York;01.Mar.08;20900000;c
Outside.in;17;Brooklyn;01.Feb.07;900000;angel
Outside.in;17;Brooklyn;01.Oct.07;1500000;angel
Outside.in;17;Brooklyn;19.May.08;3000000;a
SelectMinds;55;New York;01.Aug.07;5500000;a
Veotag;;New York;01.May.07;750000;angel
KIT digital;100;New York;08.May.08;15000000;b
KIT digital;100;New York;18.Apr.08;5000000;a
ContextWeb;;New York;01.Jun.04;3000000;a
ContextWeb;;New York;01.Jun.05;9000000;b
ContextWeb;;New York;20.Jul.08;26000000;d
Datran Media;;New York;01.Mar.05;60000000;a
Eyeblaster;;New York;01.Dec.03;8000000;a
Eyeblaster;;New York;21.Mar.07;30000000;b
Covestor;;New York;01.Jun.07;1000000;angel
Covestor;;New York;07.Apr.08;6500000;a
Global Grind;20;New York;01.Aug.07;4500000;b
Heavy.com;;New York;01.Mar.01;3000000;a
SpiralFrog;15;New York;01.Dec.07;2000000;debt_round
Broadband Enterprises;;New York;01.Jan.08;10000000;a
Thumbplay;;New York;13.Mar.08;18000000;e
Waterfront Media;;Brooklyn, New York;01.Sep.07;25000000;d
Waterfront Media;;Brooklyn, New York;01.Mar.04;4000000;a
Waterfront Media;;Brooklyn, New York;01.Mar.06;6000000;b
Waterfront Media;;Brooklyn, New York;01.Apr.07;8000000;c
Tutor;55;New Yorl;01.May.07;13500000;b
Daylife;;New York;01.Jun.07;8300000;b
Teach The People;1;Astoria;01.Jan.07;300000;angel
OrganizedWisdom;18;New York;01.Jun.08;2300000;a
Snooth;;New  York;01.Dec.06;300000;angel
Snooth;;New  York;01.Nov.07;1000000;a
5min;8;New York;01.Apr.07;300000;angel
5min;8;New York;01.Nov.07;5000000;a
Kaltura;20;Brooklyn;01.May.07;2100000;a
Mimeo;;New York;01.Sep.07;25000000;a
RayV;;New York;01.Oct.07;8000000;b
Tumblr;;New York;31.Oct.07;750000;a
Payoneer;50;New York;24.Jul.08;8000000;b
eXelate;;New York;01.Oct.07;4000000;a
Quigo;;New York;01.Mar.04;5000000;a
Peer39;50;New York;01.Feb.07;3000000;a
Peer39;50;New York;01.Sep.07;8200000;b
Peer39;50;New York;01.Mar.06;500000;seed
Rebel Monkey;15;New York;05.Feb.08;1000000;a
Answers Corporation;;New York;01.Jan.99;300000;a
Answers Corporation;;New York;01.Apr.99;1360000;b
Answers Corporation;;New York;01.Sep.99;2750000;c
Answers Corporation;;New York;01.May.00;28000000;d
Answers Corporation;;New York;17.Jun.08;13000000;debt_round
SeeToo;;New York;01.Oct.07;1000000;angel
drop.io;;Brooklyn;01.Nov.07;1250000;a
drop.io;;Brooklyn;10.Mar.08;2700000;b
Motionbox;;New York;01.Sep.06;4200000;a
Motionbox;;New York;01.Dec.07;7000000;b
DGP Labs;;New York;01.Nov.07;4750000;a
Ideeli;;New York;01.Dec.07;3800000;a
Live Gamer;;New York;01.Dec.07;24000000;a
WeShow;0;New York;01.Jun.07;5000000;a
Etsy;45;Brooklyn;01.Jun.06;315000;angel
Etsy;45;Brooklyn;01.Nov.06;1000000;a
Etsy;45;Brooklyn;01.Jul.07;3250000;b
Etsy;45;Brooklyn;01.Jan.08;27000000;c
PhoneTag;10;New York;01.Feb.07;3500000;angel
PhoneTag;10;New York;01.Jan.04;200000;seed
PhoneTag;10;New York;01.Dec.07;2000000;angel
Tremor Media;;New York;01.Sep.06;8400000;a
Tremor Media;;New York;01.Jan.08;11000000;b
YooNew;;New York;01.Aug.05;2000000;angel
Fifth Generation Systems;;Roslyn Heights;01.Jan.08;5300000;b
Fifth Generation Systems;;Roslyn Heights;01.Nov.06;5250000;a
IGA Worldwide;;New York;01.Feb.06;12000000;a
IGA Worldwide;;New York;01.Jul.07;25000000;b
IGA Worldwide;;New York;01.Jan.08;5000000;b
TheLadders;200;New York;08.Nov.04;7250000;a
Adotube;30;New York;31.Jul.07;630000;seed
Adotube;30;New York;01.Apr.08;600000;seed
Kluster;;New York;01.Jan.08;1000000;seed
Blog Talk Radio;;New York;25.Jun.08;4600000;a
Pingg;7;New York;01.Jan.07;500000;seed
Pingg;7;New York;01.Mar.07;800000;angel
Outbrain;;New York City;01.Jan.07;1000000;seed
Outbrain;;New York City;25.Feb.08;5000000;a
Mochila;52;New York;02.Jan.07;8000000;b
OLX;85;New York City;01.Sep.07;10000000;a
OLX;85;New York City;11.Apr.08;13500000;b
Boonty;150;New York;07.Jul.05;10000000;b
Tripology;;New York;01.Jan.07;1250000;a
The Feedroom;;New York;09.Jul.08;12000000;unattributed
Next New Networks;15;New York;01.Jan.07;8000000;a
Next New Networks;15;New York;12.Mar.08;15000000;b
RiverWired;;New York;01.Mar.08;1500000;seed
Fynanz;10;New York;01.Oct.07;500000;angel
Digital Railroad;;New York;14.Jun.05;5200000;a
Digital Railroad;;New York;05.Feb.07;10000000;b
Silicon Alley Insider;;New York;16.Jul.08;900000;seed
Undertone Networks;;New York;31.Mar.08;40000000;a
Someecards;;New York;01.Apr.08;350000;seed
Trunkt;2;New York;15.May.07;350000;seed
Cutcaster;6;New York City;01.Jan.08;150000;seed
Visible World;;New York;14.Apr.08;25000000;c
Visible World;;New York;17.Nov.03;8000000;b
Mad Mimi;3;;29.Apr.07;200000;angel
Social Median;;New York;07.Mar.08;500000;seed
Scanbuy;;New York;12.Dec.06;9000000;b
Scanbuy;;New York;01.Nov.07;6800000;b
Pontiflex;;Brooklyn;30.Apr.08;2500000;a
CHIC.TV;12;New York;01.Jan.06;500000;angel
ExpertFlyer;3;Patchogue;01.Mar.04;30000;seed
x+1;;New York;01.Jun.08;16000000;a
Media6;;New York;01.May.08;2000000;debt_round
Knewton;;New York;21.May.08;2500000;a
Sense Networks;;New York City;01.Apr.08;3000000;a
TargetSpot;20;New York;11.Mar.08;8600000;b
BountyJobs;31;New York;07.Jul.08;12000000;b
vbs tv;40;Brooklyn;01.Dec.06;10000000;seed
Instinctiv;;Ithaca;01.Jun.08;750000;seed
VISUALPLANT;6;New York;01.Mar.07;500000;seed
XunLight;;Toledo;07.May.08;22000000;b
Strands;150;Corvallis;01.Mar.06;6000000;a
Strands;150;Corvallis;18.Jun.07;25000000;b
Strands;150;Corvallis;01.Dec.07;24000000;b
Jive Software;;Portland;01.Aug.07;15000000;a
Platial;;Portland;01.Oct.05;800000;angel
Platial;;Portland;01.Feb.07;2600000;a
GarageGames;;Eugene;01.Sep.07;50000000;a
iovation;50;Portland;27.Mar.08;15000000;a
InGrid;;Berwyn;01.Jul.07;13500000;c
InGrid;;Berwyn;01.Sep.04;6600000;a
InGrid;;Berwyn;01.Jun.06;8100000;b
InGrid;;Berwyn;01.Jun.06;1500000;debt_round
Sleep.FM;4;Philadelphia;30.Mar.08;15000;seed
Boomi;0;Berwyn;01.Jul.08;4000000;a
Styky;3;Philadelphia;01.Jan.07;100000;seed
TotalTakeout;25;Allentown;01.Oct.07;150000;seed
RedLasso;;King of Prussia;01.Nov.07;6500000;a
QponDirect;10;Pittsburgh;01.Mar.08;300000;angel
EnergyWeb Solutions;3;Allentown;15.Jun.06;100000;seed
Aria Systems;;Media;07.Nov.07;4000000;a
Vivsimo;;Pittsburgh;17.Mar.08;4000000;a
Vivsimo;;Pittsburgh;12.Jul.03;960000;seed
Vivsimo;;Pittsburgh;04.Jul.02;500000;seed
Vivsimo;;Pittsburgh;01.Jun.00;100000;seed
Vivsimo;;Pittsburgh;29.Jan.01;100000;seed
ShowClix;;Oakmont;01.Oct.07;150000;seed
ShowClix;;Oakmont;01.Jun.08;250000;seed
BioWizard;8;Wayne;03.Jan.08;1000000;a
TicketLeap;4;Philadelphia;22.Jul.08;2000000;a
Tizra;;Providence;01.May.07;500000;seed
Quickoffice;;Plano;05.Feb.07;7000000;b
Quickoffice;;Plano;01.Jan.06;11500000;a
Quickoffice;;Plano;23.May.08;3000000;c
Thoof;;Austin;01.Jun.07;1000000;seed
Bazaarvoice;;Austin;01.May.06;4000000;a
Bazaarvoice;;Austin;01.Sep.07;8800000;b
Bazaarvoice;;Austin;18.Jun.08;7100000;c
Small World Labs;25;Austin;19.Mar.08;1000000;a
Pluck;;Austin;06.Oct.04;8500000;b
Pluck;;Austin;14.Nov.06;7000000;c
Spiceworks;;Austin;01.Aug.07;8000000;b
SpendView;3;Houston;01.Jan.08;2000000;a
Shangby;;Austin;01.Jun.07;1000000;a
On Networks;20;Austin;01.Nov.06;4000000;a
On Networks;20;Austin;01.Nov.07;12000000;b
CareFlash;0;Houston;01.Aug.07;600000;seed
HelioVolt;;Austin;01.Aug.07;77000000;b
Challenge Games;;Austin;10.Jul.08;4500000;a
Woot;100;Carrollton;01.Jan.08;4000000;a
Mumboe;17;Austin;01.Oct.06;4500000;seed
BreakingPoint Systems;54;Austin;12.Nov.07;15000000;c
FameCast;;Austin;01.Jun.07;4500000;a
Click Forensics;;Austin;01.Jan.07;5000000;a
Click Forensics;;Austin;01.Mar.08;10000000;b
GodTube;;Plano;04.May.08;30000000;b
iBiz Software;50;Dallas;20.May.08;250000;angel
Cosential;10;Austin;01.Jun.02;250000;b
JAD Tech Consulting;6;Richardson;23.Sep.93;125000;seed
Mozy;26;American Fork;01.May.05;1900000;a
Mozy;26;American Fork;01.May.05;1900000;a
Ancestry.com;;Provo;01.Sep.99;33200000;b
Move Networks;;American Fork;01.Dec.06;11300000;a
Move Networks;;American Fork;01.Oct.07;34000000;b
Move Networks;;American Fork;14.Apr.08;46000000;c
World Vital Records;;Provo;01.Sep.07;1200000;a
Bungee Labs;38;Orem;14.Mar.08;8000000;c
Footnote;31;Lindon;01.Jan.08;8000000;a
mediaFORGE;;Salt Lake City;01.Jul.06;1500000;a
TeamStreamz;5;Lehi;10.Jan.07;80000;seed
Exinda;;Sandy;22.May.04;6000000;a
Clearspring;;McLean;01.May.06;2500000;a
Clearspring;;McLean;01.Feb.07;5500000;b
Clearspring;;McLean;20.May.08;18000000;c
Clearspring;;McLean;27.Jul.07;10000000;b
Avail Media;;Reston;01.May.07;17000000;b
Avail Media;;Reston;01.Nov.07;25000000;c
FortiusOne;;Arlington;01.May.07;5450000;b
Mixx;;;01.Sep.07;1500000;a
Mixx;;;01.Feb.08;2000000;b
Jobfox;;McLean;01.Jan.08;20000000;c
Jobfox;;McLean;01.May.06;13000000;b
Jobfox;;McLean;01.Apr.05;7000000;a
HealthCentral;;Arlington;01.Jan.08;50000000;a
comScore;;Reston;06.Jun.02;20000000;d
comScore;;Reston;13.Aug.01;15000000;c
VisualCV;20;Reston;28.Jan.08;2000000;a
Paxfire;;Sterling;22.May.05;2100000;a
ShoutWire;9;;01.Jan.07;500000;a
Parature;100;Vienna;05.Jul.06;13500000;a
Parature;100;Vienna;07.May.08;16000000;b
Loladex;2;Leesburg;01.Nov.07;350000;seed
Appian;120;Vienna;21.Jul.08;10000000;a
Fortisphere;50;Chantilly;19.Nov.07;10000000;a
Wetpaint;35;Seattle;01.Oct.05;5250000;a
Wetpaint;35;Seattle;01.Jan.07;9500000;b
Wetpaint;35;Seattle;01.May.05;25000000;c
Jobster;;Seattle;01.Aug.05;19500000;b
Jobster;;Seattle;01.Jul.06;18000000;c
Jobster;;Seattle;01.Jan.05;8000000;a
Jobster;;Seattle;25.Apr.08;7000000;d
Yapta;;Seattle;01.Jul.07;2300000;a
Yapta;;Seattle;01.Jul.07;700000;seed
Farecast;26;Seattle;01.Oct.04;1500000;a
Farecast;26;Seattle;01.Jul.05;7000000;b
Farecast;26;Seattle;01.Jan.07;12100000;c
Haute Secure;;Seattle;01.Jan.07;500000;a
Newsvine;6;Seattle;01.Jul.05;1250000;a
iLike;28;Seattle;01.Jan.06;2500000;a
iLike;28;Seattle;01.Jan.06;13300000;b
Redfin;100;Seattle;01.Jul.07;12000000;c
Redfin;100;Seattle;01.May.06;8000000;b
Redfin;100;Seattle;01.Sep.05;770000;a
Action Engine;;Bellevue;01.May.00;7700000;a
Action Engine;;Bellevue;01.May.02;5000000;b
Action Engine;;Bellevue;01.Jan.05;10000000;d
Action Engine;;Bellevue;01.Mar.03;15500000;c
Action Engine;;Bellevue;01.Jul.07;20000000;e
Wishpot;;Seattle;29.Apr.08;1000000;a
PayScale;;Seattle;01.Oct.04;3200000;a
PayScale;;Seattle;01.Oct.05;7000000;b
PayScale;;Seattle;01.Jul.07;10300000;c
BuddyTV;;Seattle;01.Jul.07;2800000;a
BuddyTV;;Seattle;01.May.07;250000;angel
BuddyTV;;Seattle;14.Apr.08;6000000;b
Judys Book;;Seattle;01.Jul.04;2500000;a
Judys Book;;Seattle;01.Nov.05;8000000;b
Sampa;4;Redmond;01.Aug.07;310000;angel
Sampa;4;Redmond;02.Apr.08;1000000;angel
Zango;225;Bellevue;01.Mar.04;40000000;a
Cdigix;;Seattle;01.Nov.05;4000000;a
Ripl;;Seattle;01.Aug.07;4500000;b
EyeJot;5;Seattle;01.May.07;750000;seed
EyeJot;5;Seattle;01.Jan.07;400000;angel
FlowPlay;6;Seattle;01.May.07;500000;angel
FlowPlay;6;Seattle;06.Feb.08;3700000;a
SmartSheet;;Bellevue;01.Jun.07;2690000;a
Visible Technologies;60;Seattle;01.Aug.06;3500000;a
Visible Technologies;60;Seattle;01.Sep.07;12000000;b
Zillow;155;Seattle;01.Oct.05;32000000;a
Zillow;155;Seattle;01.Jul.06;25000000;b
Zillow;155;Seattle;01.Sep.07;30000000;c
SEOMoz;;Seattle;01.Sep.07;1250000;a
DocuSign;;Seattle;01.Apr.06;10000000;b
DocuSign;;Seattle;01.Sep.07;12400000;c
AdReady;33;Seattle;01.Dec.07;10000000;b
Treemo;;Seattle;01.Oct.07;2550000;a
GridNetworks;;Seattle;01.Oct.07;9500000;a
Pelago;;Seattle;01.Nov.06;7400000;a
Pelago;;Seattle;27.May.08;15000000;b
Blist;;Seattle;20.Feb.08;6500000;a
RealSelf;;Seattle;01.Oct.07;1000000;angel
RescueTime;;Seattle;14.Oct.07;20000;seed
Zoji;;Seattle;01.Oct.07;1500000;angel
Snapvine;20;Seattle;01.Jul.06;2000000;a
Snapvine;20;Seattle;01.Sep.07;10000000;b
Jott;;Seattle;01.May.07;5400000;b
Earth Class Mail;;Seattle;01.Sep.07;7400000;a
Earth Class Mail;;Seattle;01.Jan.08;5900000;a
Smilebox;;Redmond;01.Feb.06;5000000;a
Smilebox;;Redmond;01.Dec.07;7000000;b
Fyreball;;Bellevue;01.Dec.07;1000000;angel
Delve Networks;;Seattle;01.Dec.06;1650000;seed
Delve Networks;;Seattle;01.Aug.07;8000000;a
LiveMocha;;Bellevue;01.Jan.08;6000000;a
Mercent Corporation;50;Seattle;01.Jan.08;6500000;b
CleverSet;;Seattle;01.Aug.06;1400000;angel
CleverSet;;Seattle;01.Sep.05;1200000;a
CleverSet;;Seattle;01.Dec.07;500000;angel
LiquidPlanner;11;Bellevue;01.Jan.08;1200000;angel
Limeade;10;Bellevue;01.Jan.07;1000000;angel
Yodio;4;Bellevue;01.Feb.08;850000;a
Tastemakers;11;Seattle;01.Feb.07;1000000;a
WhitePages.com;125;Seattle;01.Aug.05;45000000;a
RevenueScience;;Seattle;19.Dec.05;24000000;e
GotVoice;15;Kirkland;25.Oct.06;3000000;a
CarDomain Network;50;Seattle;29.Jun.07;3000000;a
mpire;;Seattle;01.Feb.07;9800000;a
mpire;;Seattle;11.Jun.08;10000000;b
TeachStreet;8;Seattle;01.Mar.08;2250000;a
Estately;;;24.Apr.08;450000;angel
Infinia;;Kennewick;22.Apr.08;57000000;b
Infinia;;Kennewick;01.Jun.07;9500000;a
M:Metrics;;Seattle;16.Oct.05;7000000;b
Cozi;26;Seattle;11.Jul.07;3000000;a
Cozi;26;Seattle;01.Jun.08;8000000;c
Trusera;15;Seattle;01.Jun.07;2000000;angel
Alerts.com;;Bellevue;08.Jul.08;1200000;a
Myrio;75;Bothell;01.Jan.01;20500000;unattributed
Grid Networks;;Seattle;30.Oct.07;9500000;a
Grid Networks;;Seattle;20.May.08;10500000;b